name,url
Worry Me - Lil Wayne.mp3,https://nocvi.com/songs/mp3/Worry Me - Lil Wayne.mp3
Back ToYou - Lil Wayne.mp3,https://nocvi.com/songs/mp3/Back ToYou - Lil Wayne.mp3
Aint Worried Bout Sh*t - Lil Wayne.mp3,https://nocvi.com/songs/mp3/Aint Worried Bout Sh*t - Lil Wayne.mp3
Rob Nice Live On The Radio - Lil Wayne.mp3,https://nocvi.com/songs/mp3/Rob Nice Live On The Radio - Lil Wayne.mp3
You Aint Got Nuthin On Me - Lil Wayne.mp3,https://nocvi.com/songs/mp3/You Aint Got Nuthin On Me - Lil Wayne.mp3
Walk Out - Lil Wayne.mp3,https://nocvi.com/songs/mp3/Walk Out - Lil Wayne.mp3
Lovely - Lil Wayne.mp3,https://nocvi.com/songs/mp3/Lovely - Lil Wayne.mp3
Dont Die - Lil Wayne.mp3,https://nocvi.com/songs/mp3/Dont Die - Lil Wayne.mp3
Get That Dough - Lil Wayne.mp3,https://nocvi.com/songs/mp3/Get That Dough - Lil Wayne.mp3
Wish You Would - Lil Wayne.mp3,https://nocvi.com/songs/mp3/Wish You Would - Lil Wayne.mp3
My Homies Still - Lil Wayne.mp3,https://nocvi.com/songs/mp3/My Homies Still - Lil Wayne.mp3
Gonorrhea - Lil Wayne.mp3,https://nocvi.com/songs/mp3/Gonorrhea - Lil Wayne.mp3
Like Father Like Son - Lil Wayne.mp3,https://nocvi.com/songs/mp3/Like Father Like Son - Lil Wayne.mp3
Comfortable - Lil Wayne.mp3,https://nocvi.com/songs/mp3/Comfortable - Lil Wayne.mp3
I Miss My Dawgs - Lil Wayne.mp3,https://nocvi.com/songs/mp3/I Miss My Dawgs - Lil Wayne.mp3
On My Own - Lil Wayne.mp3,https://nocvi.com/songs/mp3/On My Own - Lil Wayne.mp3
Mrs. Officer - Lil Wayne.mp3,https://nocvi.com/songs/mp3/Mrs. Officer - Lil Wayne.mp3
Leather So Soft - Lil Wayne.mp3,https://nocvi.com/songs/mp3/Leather So Soft - Lil Wayne.mp3
Go DJ - Lil Wayne.mp3,https://nocvi.com/songs/mp3/Go DJ - Lil Wayne.mp3
LA LA - Lil Wayne.mp3,https://nocvi.com/songs/mp3/LA LA - Lil Wayne.mp3
Fly In - Lil Wayne.mp3,https://nocvi.com/songs/mp3/Fly In - Lil Wayne.mp3
That Aint Me - Lil Wayne.mp3,https://nocvi.com/songs/mp3/That Aint Me - Lil Wayne.mp3
You Aint Know - Lil Wayne.mp3,https://nocvi.com/songs/mp3/You Aint Know - Lil Wayne.mp3
Tha Block Is Hot - Lil Wayne.mp3,https://nocvi.com/songs/mp3/Tha Block Is Hot - Lil Wayne.mp3
Intro - Lil Wayne.mp3,https://nocvi.com/songs/mp3/Intro - Lil Wayne.mp3
Fly Out - Lil Wayne.mp3,https://nocvi.com/songs/mp3/Fly Out - Lil Wayne.mp3
Bring It Back - Lil Wayne.mp3,https://nocvi.com/songs/mp3/Bring It Back - Lil Wayne.mp3
Rich As Fuck - Lil Wayne.mp3,https://nocvi.com/songs/mp3/Rich As Fuck - Lil Wayne.mp3
Loyalty - Lil Wayne.mp3,https://nocvi.com/songs/mp3/Loyalty - Lil Wayne.mp3
Hold Up - Lil Wayne.mp3,https://nocvi.com/songs/mp3/Hold Up - Lil Wayne.mp3
Talkin About It (Explicit Album Version) - Lil Wayne.mp3,https://nocvi.com/songs/mp3/Talkin About It (Explicit Album Version) - Lil Wayne.mp3
Gossip - Lil Wayne.mp3,https://nocvi.com/songs/mp3/Gossip - Lil Wayne.mp3
Mo Fire - Lil Wayne.mp3,https://nocvi.com/songs/mp3/Mo Fire - Lil Wayne.mp3
Got Money - Lil Wayne.mp3,https://nocvi.com/songs/mp3/Got Money - Lil Wayne.mp3
I Dont Like The Look Of It - Lil Wayne.mp3,https://nocvi.com/songs/mp3/I Dont Like The Look Of It - Lil Wayne.mp3
Look At Me - Lil Wayne.mp3,https://nocvi.com/songs/mp3/Look At Me - Lil Wayne.mp3
Aint That A Bi**h - Lil Wayne.mp3,https://nocvi.com/songs/mp3/Aint That A Bi**h - Lil Wayne.mp3
What Does Life Mean To Me - Lil Wayne.mp3,https://nocvi.com/songs/mp3/What Does Life Mean To Me - Lil Wayne.mp3
BM J.R. - Lil Wayne.mp3,https://nocvi.com/songs/mp3/BM J.R. - Lil Wayne.mp3
6 Foot 7 Foot - Lil Wayne.mp3,https://nocvi.com/songs/mp3/6 Foot 7 Foot - Lil Wayne.mp3
500 Degreez - Lil Wayne.mp3,https://nocvi.com/songs/mp3/500 Degreez - Lil Wayne.mp3
Hustler Musik - Lil Wayne.mp3,https://nocvi.com/songs/mp3/Hustler Musik - Lil Wayne.mp3
Not Like Me - Lil Wayne.mp3,https://nocvi.com/songs/mp3/Not Like Me - Lil Wayne.mp3
Enemy Turf - Lil Wayne.mp3,https://nocvi.com/songs/mp3/Enemy Turf - Lil Wayne.mp3
Loud Pipes - Lil Wayne.mp3,https://nocvi.com/songs/mp3/Loud Pipes - Lil Wayne.mp3
Who Wanna - Lil Wayne.mp3,https://nocvi.com/songs/mp3/Who Wanna - Lil Wayne.mp3
About All That - Lil Wayne.mp3,https://nocvi.com/songs/mp3/About All That - Lil Wayne.mp3
Abortion - Lil Wayne.mp3,https://nocvi.com/songs/mp3/Abortion - Lil Wayne.mp3
The Price Is Wrong - Lil Wayne.mp3,https://nocvi.com/songs/mp3/The Price Is Wrong - Lil Wayne.mp3
Lil One - Lil Wayne.mp3,https://nocvi.com/songs/mp3/Lil One - Lil Wayne.mp3
Right Above It - Lil Wayne.mp3,https://nocvi.com/songs/mp3/Right Above It - Lil Wayne.mp3
Gangsta S*** - Lil Wayne.mp3,https://nocvi.com/songs/mp3/Gangsta S*** - Lil Wayne.mp3
Intro (Watch Them People) - Lil Wayne.mp3,https://nocvi.com/songs/mp3/Intro (Watch Them People) - Lil Wayne.mp3
No Haters Lil Wayne.wav,https://nocvi.com/songs/mp3/No Haters Lil Wayne.wav
Hello - Lil Wayne.mp3,https://nocvi.com/songs/mp3/Hello - Lil Wayne.mp3
Wowzerz - Lil Wayne.mp3,https://nocvi.com/songs/mp3/Wowzerz - Lil Wayne.mp3
YM Banger - Lil Wayne.mp3,https://nocvi.com/songs/mp3/YM Banger - Lil Wayne.mp3
Jump Jiggy - Lil Wayne.mp3,https://nocvi.com/songs/mp3/Jump Jiggy - Lil Wayne.mp3
Get Off The Corner - Lil Wayne.mp3,https://nocvi.com/songs/mp3/Get Off The Corner - Lil Wayne.mp3
Believe That - Lil Wayne.mp3,https://nocvi.com/songs/mp3/Believe That - Lil Wayne.mp3
Runnin - Lil Wayne.mp3,https://nocvi.com/songs/mp3/Runnin - Lil Wayne.mp3
On the Block No. 2 - Lil Wayne.mp3,https://nocvi.com/songs/mp3/On the Block No. 2 - Lil Wayne.mp3
Know What Im Doin - Lil Wayne.mp3,https://nocvi.com/songs/mp3/Know What Im Doin - Lil Wayne.mp3
This Is the Carter - Lil Wayne.mp3,https://nocvi.com/songs/mp3/This Is the Carter - Lil Wayne.mp3
You Aint Got Nuthin - Lil Wayne.mp3,https://nocvi.com/songs/mp3/You Aint Got Nuthin - Lil Wayne.mp3
Drop It Like Its Hot - Lil Wayne.mp3,https://nocvi.com/songs/mp3/Drop It Like Its Hot - Lil Wayne.mp3
Im Me (Explicit Album Version) - Lil Wayne.mp3,https://nocvi.com/songs/mp3/Im Me (Explicit Album Version) - Lil Wayne.mp3
Over Here Hustlin - Lil Wayne.mp3,https://nocvi.com/songs/mp3/Over Here Hustlin - Lil Wayne.mp3
Earthquake - Lil Wayne.mp3,https://nocvi.com/songs/mp3/Earthquake - Lil Wayne.mp3
Get Over - Lil Wayne.mp3,https://nocvi.com/songs/mp3/Get Over - Lil Wayne.mp3
Popular - Lil Wayne.mp3,https://nocvi.com/songs/mp3/Popular - Lil Wayne.mp3
Dr. Carter - Lil Wayne.mp3,https://nocvi.com/songs/mp3/Dr. Carter - Lil Wayne.mp3
Hot Revolver - Lil Wayne.mp3,https://nocvi.com/songs/mp3/Hot Revolver - Lil Wayne.mp3
Curtains - Lil Wayne.mp3,https://nocvi.com/songs/mp3/Curtains - Lil Wayne.mp3
Lay It Down - Lil Wayne.mp3,https://nocvi.com/songs/mp3/Lay It Down - Lil Wayne.mp3
F**k Wit Me Now - Lil Wayne.mp3,https://nocvi.com/songs/mp3/F**k Wit Me Now - Lil Wayne.mp3
Tha Heat - Lil Wayne.mp3,https://nocvi.com/songs/mp3/Tha Heat - Lil Wayne.mp3
1st Key - Lil Wayne.mp3,https://nocvi.com/songs/mp3/1st Key - Lil Wayne.mp3
Weezy Baby - Lil Wayne.mp3,https://nocvi.com/songs/mp3/Weezy Baby - Lil Wayne.mp3
Watts Scratch - Lil Wayne.mp3,https://nocvi.com/songs/mp3/Watts Scratch - Lil Wayne.mp3
Receipt - Lil Wayne.mp3,https://nocvi.com/songs/mp3/Receipt - Lil Wayne.mp3
Hit Em Up - Lil Wayne.mp3,https://nocvi.com/songs/mp3/Hit Em Up - Lil Wayne.mp3
Im a Dboy - Lil Wayne.mp3,https://nocvi.com/songs/mp3/Im a Dboy - Lil Wayne.mp3
Break Me Off - Lil Wayne.mp3,https://nocvi.com/songs/mp3/Break Me Off - Lil Wayne.mp3
Where You At - Lil Wayne.mp3,https://nocvi.com/songs/mp3/Where You At - Lil Wayne.mp3
Walk In - Lil Wayne.mp3,https://nocvi.com/songs/mp3/Walk In - Lil Wayne.mp3
Tha Mobb - Lil Wayne.mp3,https://nocvi.com/songs/mp3/Tha Mobb - Lil Wayne.mp3
No Worries - Lil Wayne.mp3,https://nocvi.com/songs/mp3/No Worries - Lil Wayne.mp3
Kush (Explicit Album Version) - Lil Wayne.mp3,https://nocvi.com/songs/mp3/Kush (Explicit Album Version) - Lil Wayne.mp3
Skit - Lil Wayne.mp3,https://nocvi.com/songs/mp3/Skit - Lil Wayne.mp3
3 Peat - Lil Wayne.mp3,https://nocvi.com/songs/mp3/3 Peat - Lil Wayne.mp3
Way Of Life - Lil Wayne.mp3,https://nocvi.com/songs/mp3/Way Of Life - Lil Wayne.mp3
Stuntin Like My Daddy - Lil Wayne.mp3,https://nocvi.com/songs/mp3/Stuntin Like My Daddy - Lil Wayne.mp3
Let The Beat Build - Lil Wayne.mp3,https://nocvi.com/songs/mp3/Let The Beat Build - Lil Wayne.mp3
Gangsta And Pimps - Lil Wayne.mp3,https://nocvi.com/songs/mp3/Gangsta And Pimps - Lil Wayne.mp3
Da Da Da - Lil Wayne.mp3,https://nocvi.com/songs/mp3/Da Da Da - Lil Wayne.mp3
Two Shots - Lil Wayne.mp3,https://nocvi.com/songs/mp3/Two Shots - Lil Wayne.mp3
How To Hate - Lil Wayne.mp3,https://nocvi.com/songs/mp3/How To Hate - Lil Wayne.mp3
Days and Days - Lil Wayne.mp3,https://nocvi.com/songs/mp3/Days and Days - Lil Wayne.mp3
Come On - Lil Wayne.mp3,https://nocvi.com/songs/mp3/Come On - Lil Wayne.mp3
Act A A** - Lil Wayne.mp3,https://nocvi.com/songs/mp3/Act A A** - Lil Wayne.mp3
Get Down - Lil Wayne.mp3,https://nocvi.com/songs/mp3/Get Down - Lil Wayne.mp3
Phone Home - Lil Wayne.mp3,https://nocvi.com/songs/mp3/Phone Home - Lil Wayne.mp3
Ground Zero - Lil Wayne.mp3,https://nocvi.com/songs/mp3/Ground Zero - Lil Wayne.mp3
Prom Queen - Lil Wayne.mp3,https://nocvi.com/songs/mp3/Prom Queen - Lil Wayne.mp3
Nightmares of the Bottom - Lil Wayne.mp3,https://nocvi.com/songs/mp3/Nightmares of the Bottom - Lil Wayne.mp3
On The Grind - Lil Wayne.mp3,https://nocvi.com/songs/mp3/On The Grind - Lil Wayne.mp3
She Will - Lil Wayne.mp3,https://nocvi.com/songs/mp3/She Will - Lil Wayne.mp3
Beef - Lil Wayne.mp3,https://nocvi.com/songs/mp3/Beef - Lil Wayne.mp3
Its Good - Lil Wayne.mp3,https://nocvi.com/songs/mp3/Its Good - Lil Wayne.mp3
Beat the Shit - Lil Wayne.mp3,https://nocvi.com/songs/mp3/Beat the Shit - Lil Wayne.mp3
We Dont - Lil Wayne.mp3,https://nocvi.com/songs/mp3/We Dont - Lil Wayne.mp3
God Bless Amerika - Lil Wayne.mp3,https://nocvi.com/songs/mp3/God Bless Amerika - Lil Wayne.mp3
Love Me Or Hate Me (Explicit Album Version) - Lil Wayne.mp3,https://nocvi.com/songs/mp3/Love Me Or Hate Me (Explicit Album Version) - Lil Wayne.mp3
Bill Gates - Lil Wayne.mp3,https://nocvi.com/songs/mp3/Bill Gates - Lil Wayne.mp3
Money In Mind - Lil Wayne.mp3,https://nocvi.com/songs/mp3/Money In Mind - Lil Wayne.mp3
With You - Lil Wayne.mp3,https://nocvi.com/songs/mp3/With You - Lil Wayne.mp3
Pussy Monster - Lil Wayne.mp3,https://nocvi.com/songs/mp3/Pussy Monster - Lil Wayne.mp3
Carter II - Lil Wayne.mp3,https://nocvi.com/songs/mp3/Carter II - Lil Wayne.mp3
Mirror - Lil Wayne.mp3,https://nocvi.com/songs/mp3/Mirror - Lil Wayne.mp3
Blunt Blowin - Lil Wayne.mp3,https://nocvi.com/songs/mp3/Blunt Blowin - Lil Wayne.mp3
IANAHB - Lil Wayne.mp3,https://nocvi.com/songs/mp3/IANAHB - Lil Wayne.mp3
Whats Wrong With Them - Lil Wayne.mp3,https://nocvi.com/songs/mp3/Whats Wrong With Them - Lil Wayne.mp3
Young Playa - Lil Wayne.mp3,https://nocvi.com/songs/mp3/Young Playa - Lil Wayne.mp3
Big Tigger Live On The Radio - Lil Wayne.mp3,https://nocvi.com/songs/mp3/Big Tigger Live On The Radio - Lil Wayne.mp3
A Milli - Lil Wayne.mp3,https://nocvi.com/songs/mp3/A Milli - Lil Wayne.mp3
Get That Money - Lil Wayne.mp3,https://nocvi.com/songs/mp3/Get That Money - Lil Wayne.mp3
Knockout - Lil Wayne.mp3,https://nocvi.com/songs/mp3/Knockout - Lil Wayne.mp3
Oh No - Lil Wayne.mp3,https://nocvi.com/songs/mp3/Oh No - Lil Wayne.mp3
Paradice - Lil Wayne.mp3,https://nocvi.com/songs/mp3/Paradice - Lil Wayne.mp3
Bitches Love Me - Lil Wayne.mp3,https://nocvi.com/songs/mp3/Bitches Love Me - Lil Wayne.mp3
Kisha - Lil Wayne.mp3,https://nocvi.com/songs/mp3/Kisha - Lil Wayne.mp3
So Special - Lil Wayne.mp3,https://nocvi.com/songs/mp3/So Special - Lil Wayne.mp3
F*** Tha World - Lil Wayne.mp3,https://nocvi.com/songs/mp3/F*** Tha World - Lil Wayne.mp3
Mr. Carter - Lil Wayne.mp3,https://nocvi.com/songs/mp3/Mr. Carter - Lil Wayne.mp3
Protector - Lil Wayne.mp3,https://nocvi.com/songs/mp3/Protector - Lil Wayne.mp3
You Want War - Lil Wayne.mp3,https://nocvi.com/songs/mp3/You Want War - Lil Wayne.mp3
On My - Lil Wayne.mp3,https://nocvi.com/songs/mp3/On My - Lil Wayne.mp3
Drop The World - Lil Wayne.mp3,https://nocvi.com/songs/mp3/Drop The World - Lil Wayne.mp3
Lets Go - Lil Wayne.mp3,https://nocvi.com/songs/mp3/Lets Go - Lil Wayne.mp3
One Way Trip - Lil Wayne.mp3,https://nocvi.com/songs/mp3/One Way Trip - Lil Wayne.mp3
Romance - Lil Wayne.mp3,https://nocvi.com/songs/mp3/Romance - Lil Wayne.mp3
Up To Me - Lil Wayne.mp3,https://nocvi.com/songs/mp3/Up To Me - Lil Wayne.mp3
Hot To Love - Lil Wayne.mp3,https://nocvi.com/songs/mp3/Hot To Love - Lil Wayne.mp3
Playn With Fire - Lil Wayne.mp3,https://nocvi.com/songs/mp3/Playn With Fire - Lil Wayne.mp3
On Tha Block No.1 - Lil Wayne.mp3,https://nocvi.com/songs/mp3/On Tha Block No.1 - Lil Wayne.mp3
Fly Talkin - Lil Wayne.mp3,https://nocvi.com/songs/mp3/Fly Talkin - Lil Wayne.mp3
Bloodline - Lil Wayne.mp3,https://nocvi.com/songs/mp3/Bloodline - Lil Wayne.mp3
Remember Me - Lil Wayne.mp3,https://nocvi.com/songs/mp3/Remember Me - Lil Wayne.mp3
Respect - Lil Wayne.mp3,https://nocvi.com/songs/mp3/Respect - Lil Wayne.mp3
Money On My Mind - Lil Wayne.mp3,https://nocvi.com/songs/mp3/Money On My Mind - Lil Wayne.mp3
Shine - Lil Wayne.mp3,https://nocvi.com/songs/mp3/Shine - Lil Wayne.mp3
No More - Lil Wayne.mp3,https://nocvi.com/songs/mp3/No More - Lil Wayne.mp3
Grown Man - Lil Wayne.mp3,https://nocvi.com/songs/mp3/Grown Man - Lil Wayne.mp3
Tha Blues - Lil Wayne.mp3,https://nocvi.com/songs/mp3/Tha Blues - Lil Wayne.mp3
Best Rapper Alive - Lil Wayne.mp3,https://nocvi.com/songs/mp3/Best Rapper Alive - Lil Wayne.mp3
Only Way - Lil Wayne.mp3,https://nocvi.com/songs/mp3/Only Way - Lil Wayne.mp3
Snitch - Lil Wayne.mp3,https://nocvi.com/songs/mp3/Snitch - Lil Wayne.mp3
President Carter - Lil Wayne.mp3,https://nocvi.com/songs/mp3/President Carter - Lil Wayne.mp3
Cali Dro - Lil Wayne.mp3,https://nocvi.com/songs/mp3/Cali Dro - Lil Wayne.mp3
Gunwalk - Lil Wayne.mp3,https://nocvi.com/songs/mp3/Gunwalk - Lil Wayne.mp3
I Like The View - Lil Wayne.mp3,https://nocvi.com/songs/mp3/I Like The View - Lil Wayne.mp3
I Am Not A Human Being - Lil Wayne.mp3,https://nocvi.com/songs/mp3/I Am Not A Human Being - Lil Wayne.mp3